"0",""
"0","df_coning <- df_coning %>% "
"0","  mutate(calificacion = case_when("
"0","          grepl(""Profesionales|Técnicos|Operativos|No calificados"",calificacion) == T ~ calificacion,"
"0","          TRUE ~ ""Otro""),"
"0","        calificacion = factor(calificacion, levels=c(""Profesionales"",""Técnicos"",""Operativos"",""No calificados"","
"0","                                                     ""Otro"")))"
"0",""
"0","linear_reg() %>% "
"0","  set_engine(""lm"") %>% "
"0","  fit(ingreso ~ calificacion"
"0","      ,data = df_coning"
"0","      ) %>% "
"0","  tidy()"
