"0",""
"0","set.seed(222)"
"0",""
"0","lm_recetario <- list()"
"0",""
"0","lm_recetario$predictores_originales <- recipe("
"0","  formula = ingreso ~ "
"0","    sexo+edad+ned+aglomerado+relacion_jefe+estado_civil+"
"0","    sector_empleador+cat_ocupacional+int_ocupacional+horas_trabajadas+calificacion+rubro,"
"0","  data =  df_coning) %>% "
"0","  #step_other(rubro, threshold = 0.01, id=""other"") %>% "
"0","  step_dummy(all_nominal_predictors()) %>% "
"0","  step_normalize(all_numeric_predictors()) %>% "
"0","  step_zv(all_predictors()) "
"0",""
"0",""
"0","lm_recetario$predictores_transformados <- recipe("
"0","  formula = ingreso ~ "
"0","    sexo+edad+ned_cat+region+relacion_jefe_cat+estado_civil+"
"0","    sector_empleador+cat_ocupacional+int_ocupacional+horas_trabajadas+calificacion+rubro,"
"0","  data =  df_coning) %>% "
"0","  #step_other(rubro, threshold = 0.01, id=""other"") %>% "
"0","  step_dummy(all_nominal_predictors()) %>% "
"0","  step_normalize(all_numeric_predictors()) %>% "
"0","  step_zv(all_predictors()) "
"0",""
"0","lm_recetario$predictores_transformados2 <- recipe("
"0","  formula = ingreso ~ "
"0","    sexo+edad+ned_cat+region+relacion_jefe_cat+cat_ocupacional+"
"0","    horas_trabajadas+calificacion,"
"0","  data =  df_coning) %>% "
"0","  step_dummy(all_nominal_predictors()) %>% "
"0","  step_normalize(all_numeric_predictors()) %>% "
"0","  step_zv(all_predictors()) "
"0",""
"0",""
"0","lm_recetario$predictores_originales2 <- recipe("
"0","  formula = ingreso ~ "
"0","    sexo+edad+ned+aglomerado+relacion_jefe+cat_ocupacional+"
"0","    horas_trabajadas+calificacion,"
"0","  data =  df_coning) %>% "
"0","  step_dummy(all_nominal_predictors()) %>% "
"0","  step_normalize(all_numeric_predictors()) %>% "
"0","  step_zv(all_predictors()) "
"0",""
"0","lm_models <- workflow_set(preproc = lm_recetario,"
"0","                          models = list(lm = linear_reg()),"
"0","                          cross = FALSE) %>% "
"0","  workflow_map(fn = ""fit_resamples"", "
"0","               seed = 123,  "
"0","               verbose = TRUE, "
"0","               resamples = df_train_folds)"
"2","[34mi[39m [30m1 of 4 resampling: predictores_originales_lm[39m
"
"2","→ [33m[1mA[22m[39m | [33mwarning[39m: There are new levels in a factor: NA, Column(s) have zero variance so scaling cannot be used: `relacion_jefe_Otro`. Consider using `step_zv()` to remove those columns before normalizing
"
"2","There were issues with some computations   [1m[33mA[39m[22m: x1"
"2","                                                 "
"2","→ [33m[1mB[22m[39m | [33mwarning[39m: There are new levels in a factor: NA
"
"2","There were issues with some computations   [1m[33mA[39m[22m: x1"
"2","There were issues with some computations   [1m[33mA[39m[22m: x1   [1m[33mB[39m[22m: x1"
"2","There were issues with some computations   [1m[33mA[39m[22m: x2   [1m[33mB[39m[22m: x1"
"2","There were issues with some computations   [1m[33mA[39m[22m: x2   [1m[33mB[39m[22m: x2"
"2","There were issues with some computations   [1m[33mA[39m[22m: x3   [1m[33mB[39m[22m: x2"
"2","                                                         "
"2","→ [33m[1mC[22m[39m | [33mwarning[39m: There are new levels in a factor: NA, There are new levels in a factor: Funcionarios del poder ejecutivo nacional, provincial, municipal y/o departamental
"
"2","There were issues with some computations   [1m[33mA[39m[22m: x3   [1m[33mB[39m[22m: x2"
"2","There were issues with some computations   [1m[33mA[39m[22m: x3   [1m[33mB[39m[22m: x2   [1m[33mC[39m[22m: x1"
"2","There were issues with some computations   [1m[33mA[39m[22m: x4   [1m[33mB[39m[22m: x2   [1m[33mC[39m[22m: x1"
"2","There were issues with some computations   [1m[33mA[39m[22m: x4   [1m[33mB[39m[22m: x3   [1m[33mC[39m[22m: x1"
"2","There were issues with some computations   [1m[33mA[39m[22m: x5   [1m[33mB[39m[22m: x3   [1m[33mC[39m[22m: x1"
"2","There were issues with some computations   [1m[33mA[39m[22m: x5   [1m[33mB[39m[22m: x4   [1m[33mC[39m[22m: x1"
"2","There were issues with some computations   [1m[33mA[39m[22m: x6   [1m[33mB[39m[22m: x4   [1m[33mC[39m[22m: x1"
"2","There were issues with some computations   [1m[33mA[39m[22m: x6   [1m[33mB[39m[22m: x5   [1m[33mC[39m[22m: x1"
"2","There were issues with some computations   [1m[33mA[39m[22m: x7   [1m[33mB[39m[22m: x5   [1m[33mC[39m[22m: x1"
"2","There were issues with some computations   [1m[33mA[39m[22m: x7   [1m[33mB[39m[22m: x6   [1m[33mC[39m[22m: x1"
"2","There were issues with some computations   [1m[33mA[39m[22m: x8   [1m[33mB[39m[22m: x6   [1m[33mC[39m[22m: x1"
"2","There were issues with some computations   [1m[33mA[39m[22m: x8   [1m[33mB[39m[22m: x7   [1m[33mC[39m[22m: x1"
"2","There were issues with some computations   [1m[33mA[39m[22m: x9   [1m[33mB[39m[22m: x7   [1m[33mC[39m[22m: x1"
"2","There were issues with some computations   [1m[33mA[39m[22m: x9   [1m[33mB[39m[22m: x8   [1m[33mC[39m[22m: x1"
"2","There were issues with some computations   [1m[33mA[39m[22m: x10   [1m[33mB[39m[22m: x8   [1m[33mC[39m[22m: x1"
"2","There were issues with some computations   [1m[33mA[39m[22m: x10   [1m[33mB[39m[22m: x9   [1m[33mC[39m[22m: x1"
"2","There were issues with some computations   [1m[33mA[39m[22m: x10   [1m[33mB[39m[22m: x9   [1m[33mC[39m[22m: x1"
"2","
"
"2","[32m✔[39m [30m1 of 4 resampling: predictores_originales_lm[39m[30m (11s)[39m
"
"2","[34mi[39m [30m2 of 4 resampling: predictores_transformados_lm[39m
"
"2","→ [33m[1mA[22m[39m | [33mwarning[39m: There are new levels in a factor: Funcionarios del poder ejecutivo nacional, provincial, municipal y/o departamental
"
"2","There were issues with some computations   [1m[33mA[39m[22m: x1"
"2","There were issues with some computations   [1m[33mA[39m[22m: x1"
"2","
"
"2","[32m✔[39m [30m2 of 4 resampling: predictores_transformados_lm[39m[30m (4s)[39m
"
"2","[34mi[39m [30m3 of 4 resampling: predictores_transformados2_lm[39m
"
"2","[32m✔[39m [30m3 of 4 resampling: predictores_transformados2_lm[39m[30m (1.6s)[39m
"
"2","[34mi[39m [30m4 of 4 resampling: predictores_originales2_lm[39m
"
"2","→ [33m[1mA[22m[39m | [33mwarning[39m: There are new levels in a factor: NA, Column(s) have zero variance so scaling cannot be used: `relacion_jefe_Otro`. Consider using `step_zv()` to remove those columns before normalizing
"
"2","There were issues with some computations   [1m[33mA[39m[22m: x1"
"2","                                                 "
"2","→ [33m[1mB[22m[39m | [33mwarning[39m: There are new levels in a factor: NA
"
"2","There were issues with some computations   [1m[33mA[39m[22m: x1"
"2","There were issues with some computations   [1m[33mA[39m[22m: x1   [1m[33mB[39m[22m: x1"
"2","There were issues with some computations   [1m[33mA[39m[22m: x2   [1m[33mB[39m[22m: x1"
"2","There were issues with some computations   [1m[33mA[39m[22m: x2   [1m[33mB[39m[22m: x2"
"2","There were issues with some computations   [1m[33mA[39m[22m: x3   [1m[33mB[39m[22m: x2"
"2","There were issues with some computations   [1m[33mA[39m[22m: x3   [1m[33mB[39m[22m: x3"
"2","There were issues with some computations   [1m[33mA[39m[22m: x4   [1m[33mB[39m[22m: x3"
"2","There were issues with some computations   [1m[33mA[39m[22m: x4   [1m[33mB[39m[22m: x4"
"2","There were issues with some computations   [1m[33mA[39m[22m: x5   [1m[33mB[39m[22m: x4"
"2","There were issues with some computations   [1m[33mA[39m[22m: x5   [1m[33mB[39m[22m: x5"
"2","There were issues with some computations   [1m[33mA[39m[22m: x6   [1m[33mB[39m[22m: x5"
"2","There were issues with some computations   [1m[33mA[39m[22m: x6   [1m[33mB[39m[22m: x6"
"2","There were issues with some computations   [1m[33mA[39m[22m: x7   [1m[33mB[39m[22m: x6"
"2","There were issues with some computations   [1m[33mA[39m[22m: x8   [1m[33mB[39m[22m: x7"
"2","There were issues with some computations   [1m[33mA[39m[22m: x8   [1m[33mB[39m[22m: x8"
"2","There were issues with some computations   [1m[33mA[39m[22m: x9   [1m[33mB[39m[22m: x8"
"2","There were issues with some computations   [1m[33mA[39m[22m: x9   [1m[33mB[39m[22m: x9"
"2","There were issues with some computations   [1m[33mA[39m[22m: x10   [1m[33mB[39m[22m: x9"
"2","There were issues with some computations   [1m[33mA[39m[22m: x10   [1m[33mB[39m[22m: x10"
"2","There were issues with some computations   [1m[33mA[39m[22m: x10   [1m[33mB[39m[22m: x10"
"2","
"
"2","[32m✔[39m [30m4 of 4 resampling: predictores_originales2_lm[39m[30m (5.1s)[39m
"
"0","options(scipen=999)"
"0",""
"0","collect_metrics(lm_models)"
