{"chunk_definitions":[{"row":8,"row_count":1,"visible":true,"expansion_state":0,"options":{"engine":"r","label":"setup","include":false},"document_id":"95008E2D","chunk_id":"csetup_chunk","chunk_label":"setup"},{"row":21,"row_count":1,"visible":true,"expansion_state":0,"options":{"engine":"r","label":"Librerías"},"document_id":"95008E2D","chunk_id":"c1e9nwcj5svnb","chunk_label":"Librerías"},{"row":27,"row_count":1,"visible":true,"expansion_state":0,"options":{"engine":"r","label":"Base"},"document_id":"95008E2D","chunk_id":"co27klxaemup1","chunk_label":"Base"},{"row":81,"row_count":1,"visible":true,"expansion_state":0,"options":{"engine":"r","label":"EDA: Renombrar"},"document_id":"95008E2D","chunk_id":"cs8hvoog63u2d","chunk_label":"EDA: Renombrar"},{"row":95,"row_count":1,"visible":true,"expansion_state":0,"options":{"engine":"r","label":"EDA: IDs e ingreso"},"document_id":"95008E2D","chunk_id":"c8xjb727vlwtu","chunk_label":"EDA: IDs e ingreso"},{"row":122,"row_count":1,"visible":true,"expansion_state":0,"options":{"engine":"r","label":"EDA: Remover ingreso -9"},"document_id":"95008E2D","chunk_id":"cv9b3c3hgplwn","chunk_label":"EDA: Remover ingreso -9"},{"row":145,"row_count":1,"visible":true,"expansion_state":0,"options":{"engine":"r","label":"EDA: Sexo"},"document_id":"95008E2D","chunk_id":"ctowyoda1gkm7","chunk_label":"EDA: Sexo"},{"row":182,"row_count":1,"visible":true,"expansion_state":0,"options":{"engine":"r","label":"EDA: Edad"},"document_id":"95008E2D","chunk_id":"ctxol3iv21dr0","chunk_label":"EDA: Edad"},{"row":246,"row_count":1,"visible":true,"expansion_state":0,"options":{"engine":"r","label":"EDA: NED"},"document_id":"95008E2D","chunk_id":"ctbq8wskef3zz","chunk_label":"EDA: NED"},{"row":300,"row_count":1,"visible":true,"expansion_state":0,"options":{"engine":"r","label":"EDA: Aglomerado"},"document_id":"95008E2D","chunk_id":"cn3yp5tsrh95v","chunk_label":"EDA: Aglomerado"},{"row":311,"row_count":1,"visible":true,"expansion_state":0,"options":{"engine":"r","label":"EDA: Estado Civil"},"document_id":"95008E2D","chunk_id":"ciw0368j84i8m","chunk_label":"EDA: Estado Civil"},{"row":340,"row_count":1,"visible":true,"expansion_state":0,"options":{"engine":"r","label":"EDA: Relacion con jefe"},"document_id":"95008E2D","chunk_id":"cv4v0iwwdpspo","chunk_label":"EDA: Relacion con jefe"},{"row":361,"row_count":1,"visible":true,"expansion_state":0,"options":{"engine":"r","label":"EDA: Calificacion"},"document_id":"95008E2D","chunk_id":"c6dj74e4jp8xy","chunk_label":"EDA: Calificacion"},{"row":375,"row_count":1,"visible":true,"expansion_state":0,"options":{"engine":"r","label":"EDA: Cat ocupacional"},"document_id":"95008E2D","chunk_id":"cmegvdprnar8r","chunk_label":"EDA: Cat ocupacional"},{"row":388,"row_count":1,"visible":true,"expansion_state":0,"options":{"engine":"r","label":"EDA: Sector empleador"},"document_id":"95008E2D","chunk_id":"cgis4wc1wmj1l","chunk_label":"EDA: Sector empleador"},{"row":410,"row_count":1,"visible":true,"expansion_state":0,"options":{"engine":"r","label":"EDA: Horas trabajadas"},"document_id":"95008E2D","chunk_id":"crhglcvjegp3d","chunk_label":"EDA: Horas trabajadas"},{"row":425,"row_count":1,"visible":true,"expansion_state":0,"options":{"engine":"r","label":"Multicolinealidad"},"document_id":"95008E2D","chunk_id":"cuh8gemx3yjv1","chunk_label":"Multicolinealidad"},{"row":449,"row_count":1,"visible":true,"expansion_state":0,"options":{"engine":"r","label":"Int ocupacional vs horas trabajadas"},"document_id":"95008E2D","chunk_id":"cl52o48lfc1m9","chunk_label":"Int ocupacional vs horas trabajadas"},{"row":464,"row_count":1,"visible":true,"expansion_state":0,"options":{"engine":"r","label":"Folds"},"document_id":"95008E2D","chunk_id":"cgo3hnhk9onx5","chunk_label":"Folds"},{"row":529,"row_count":1,"visible":true,"expansion_state":0,"options":{"engine":"r","label":"Entreno LM"},"document_id":"95008E2D","chunk_id":"ceuqnt7ga9xkd","chunk_label":"Entreno LM"},{"row":546,"row_count":1,"visible":true,"expansion_state":0,"options":{"engine":"r","label":"unnamed-chunk-59"},"document_id":"95008E2D","chunk_id":"cwu3olysmnk14","chunk_label":"unnamed-chunk-1"},{"row":571,"row_count":1,"visible":true,"expansion_state":0,"options":{"engine":"r","label":"unnamed-chunk-73"},"document_id":"95008E2D","chunk_id":"czh6zvs1ava8p","chunk_label":"unnamed-chunk-2"},{"row":584,"row_count":1,"visible":true,"expansion_state":0,"options":{"engine":"r","label":"unnamed-chunk-75"},"document_id":"95008E2D","chunk_id":"cifczfemipkpe","chunk_label":"unnamed-chunk-3"},{"row":603,"row_count":1,"visible":true,"expansion_state":0,"options":{"engine":"r","label":"unnamed-chunk-74"},"document_id":"95008E2D","chunk_id":"cxdsh61o4oxhv","chunk_label":"unnamed-chunk-4"},{"row":628,"row_count":1,"visible":true,"expansion_state":0,"options":{"engine":"r","label":"unnamed-chunk-71"},"document_id":"95008E2D","chunk_id":"cum9sop5l1gqn","chunk_label":"unnamed-chunk-5"},{"row":644,"row_count":1,"visible":true,"expansion_state":0,"options":{"engine":"r","label":"unnamed-chunk-72"},"document_id":"95008E2D","chunk_id":"cojhh2gy21b65","chunk_label":"unnamed-chunk-6"}],"doc_write_time":1710729796,"working_dir":null,"default_chunk_options":{"echo":true}}