"0","set.seed(123)"
"0",""
"0","rf_final <- finalize_model("
"0","  rf_spec,"
"0","  select_best(rf_tune_params, ""rmse"")"
"0",")"
"1","[1m[33mError[39m in `estimate_tune_results()`:[22m
[33m![39m All models failed. Run `show_notes(.Last.tune.result)` for more information.
Backtrace:
[90m 1. [39m[1mtune[22m::finalize_model(rf_spec, select_best(rf_tune_params, ""rmse""))
[90m 4. [39mtune:::select_best.tune_results(rf_tune_params, ""rmse"")
[90m 6. [39mtune:::show_best.tune_results(x, metric = metric, n = 1)
[90m 7. [39m[1m[94mtune::estimate_tune_results([39m[22mx[1m[94m)[39m[22m
"
