{"chunk_definitions":[{"row":9,"row_count":1,"visible":true,"expansion_state":0,"options":{"engine":"r","label":"unnamed-chunk-165"},"document_id":"DC1D6701","chunk_id":"cqvab9s7wvd6c","chunk_label":"unnamed-chunk-1"},{"row":28,"row_count":1,"visible":true,"expansion_state":0,"options":{"engine":"r","label":"unnamed-chunk-166"},"document_id":"DC1D6701","chunk_id":"cgoirl5eto2mo","chunk_label":"unnamed-chunk-2"},{"row":50,"row_count":1,"visible":true,"expansion_state":0,"options":{"engine":"r","label":"unnamed-chunk-167"},"document_id":"DC1D6701","chunk_id":"c5sywq7hcimbv","chunk_label":"unnamed-chunk-3"},{"row":63,"row_count":1,"visible":true,"expansion_state":0,"options":{"engine":"r","label":"unnamed-chunk-176"},"document_id":"DC1D6701","chunk_id":"ceme5ioldmm1s","chunk_label":"unnamed-chunk-4"},{"row":76,"row_count":1,"visible":true,"expansion_state":0,"options":{"engine":"r","label":"unnamed-chunk-177"},"document_id":"DC1D6701","chunk_id":"c1ip5igv6jciw","chunk_label":"unnamed-chunk-5"},{"row":90,"row_count":1,"visible":true,"expansion_state":0,"options":{"engine":"r","label":"unnamed-chunk-178"},"document_id":"DC1D6701","chunk_id":"c1w84g6ap5ldg","chunk_label":"unnamed-chunk-6"},{"row":105,"row_count":1,"visible":true,"expansion_state":0,"options":{"engine":"r","label":"unnamed-chunk-179"},"document_id":"DC1D6701","chunk_id":"c8p91rmht0qsm","chunk_label":"unnamed-chunk-7"}],"doc_write_time":27584981516943471,"chunk_rendered_width":700}