{"chunk_definitions":[{"row":8,"row_count":1,"visible":true,"expansion_state":0,"options":{"engine":"r","label":"setup","include":false},"document_id":"95008E2D","chunk_id":"csetup_chunk","chunk_label":"setup"},{"row":21,"row_count":1,"visible":true,"expansion_state":0,"options":{"engine":"r","label":"Librerías"},"document_id":"95008E2D","chunk_id":"c1e9nwcj5svnb","chunk_label":"Librerías"},{"row":27,"row_count":1,"visible":true,"expansion_state":0,"options":{"engine":"r","label":"Base"},"document_id":"95008E2D","chunk_id":"co27klxaemup1","chunk_label":"Base"},{"row":81,"row_count":1,"visible":true,"expansion_state":0,"options":{"engine":"r","label":"EDA: Renombrar"},"document_id":"95008E2D","chunk_id":"cs8hvoog63u2d","chunk_label":"EDA: Renombrar"},{"row":91,"row_count":1,"visible":true,"expansion_state":0,"options":{"engine":"r","label":"EDA: IDs e ingreso"},"document_id":"95008E2D","chunk_id":"c8xjb727vlwtu","chunk_label":"EDA: IDs e ingreso"},{"row":107,"row_count":1,"visible":true,"expansion_state":0,"options":{"engine":"r","label":"EDA: Remover ingreso -9"},"document_id":"95008E2D","chunk_id":"cv9b3c3hgplwn","chunk_label":"EDA: Remover ingreso -9"},{"row":114,"row_count":1,"visible":true,"expansion_state":0,"options":{"engine":"r","label":"EDA: Sexo"},"document_id":"95008E2D","chunk_id":"ctowyoda1gkm7","chunk_label":"EDA: Sexo"},{"row":139,"row_count":1,"visible":true,"expansion_state":0,"options":{"engine":"r","label":"EDA: Edad"},"document_id":"95008E2D","chunk_id":"ctxol3iv21dr0","chunk_label":"EDA: Edad"},{"row":181,"row_count":1,"visible":true,"expansion_state":0,"options":{"engine":"r","label":"EDA: NED"},"document_id":"95008E2D","chunk_id":"ctbq8wskef3zz","chunk_label":"EDA: NED"},{"row":233,"row_count":1,"visible":true,"expansion_state":0,"options":{"engine":"r","label":"EDA: Aglomerado"},"document_id":"95008E2D","chunk_id":"cn3yp5tsrh95v","chunk_label":"EDA: Aglomerado"},{"row":244,"row_count":1,"visible":true,"expansion_state":0,"options":{"engine":"r","label":"EDA: Estado Civil"},"document_id":"95008E2D","chunk_id":"ciw0368j84i8m","chunk_label":"EDA: Estado Civil"},{"row":270,"row_count":1,"visible":true,"expansion_state":0,"options":{"engine":"r","label":"EDA: Relacion con jefe"},"document_id":"95008E2D","chunk_id":"cv4v0iwwdpspo","chunk_label":"EDA: Relacion con jefe"},{"row":291,"row_count":1,"visible":true,"expansion_state":0,"options":{"engine":"r","label":"EDA: Calificacion"},"document_id":"95008E2D","chunk_id":"c6dj74e4jp8xy","chunk_label":"EDA: Calificacion"},{"row":305,"row_count":1,"visible":true,"expansion_state":0,"options":{"engine":"r","label":"EDA: Cat ocupacional"},"document_id":"95008E2D","chunk_id":"cmegvdprnar8r","chunk_label":"EDA: Cat ocupacional"},{"row":318,"row_count":1,"visible":true,"expansion_state":0,"options":{"engine":"r","label":"EDA: Sector empleador"},"document_id":"95008E2D","chunk_id":"cgis4wc1wmj1l","chunk_label":"EDA: Sector empleador"},{"row":336,"row_count":1,"visible":true,"expansion_state":0,"options":{"engine":"r","label":"EDA: Horas trabajadas"},"document_id":"95008E2D","chunk_id":"crhglcvjegp3d","chunk_label":"EDA: Horas trabajadas"},{"row":349,"row_count":1,"visible":true,"expansion_state":0,"options":{"engine":"r","label":"Multicolinealidad"},"document_id":"95008E2D","chunk_id":"cuh8gemx3yjv1","chunk_label":"Multicolinealidad"},{"row":369,"row_count":1,"visible":true,"expansion_state":0,"options":{"engine":"r","label":"unnamed-chunk-55"},"document_id":"95008E2D","chunk_id":"c0tyhz1cybk2q","chunk_label":"unnamed-chunk-1"},{"row":410,"row_count":1,"visible":true,"expansion_state":0,"options":{"engine":"r","label":"unnamed-chunk-56"},"document_id":"95008E2D","chunk_id":"cxxcg4lu1kuqi","chunk_label":"unnamed-chunk-2"},{"row":452,"row_count":1,"visible":true,"expansion_state":0,"options":{"engine":"r","label":"Entreno LM"},"document_id":"95008E2D","chunk_id":"c7tzmu1mgxv6e","chunk_label":"Entreno LM"},{"row":480,"row_count":1,"visible":true,"expansion_state":0,"options":{"engine":"r","label":"unnamed-chunk-57"},"document_id":"95008E2D","chunk_id":"cqf77sw1t4mqy","chunk_label":"unnamed-chunk-3"},{"row":494,"row_count":1,"visible":true,"expansion_state":0,"options":{"engine":"r","label":"unnamed-chunk-58"},"document_id":"95008E2D","chunk_id":"c55qa3bxck076","chunk_label":"unnamed-chunk-4"},{"row":512,"row_count":1,"visible":true,"expansion_state":0,"options":{"engine":"r","label":"unnamed-chunk-64"},"document_id":"95008E2D","chunk_id":"c3cb2f506okow","chunk_label":"unnamed-chunk-5"},{"row":522,"row_count":1,"visible":true,"expansion_state":0,"options":{"engine":"r","label":"unnamed-chunk-65"},"document_id":"95008E2D","chunk_id":"clyizi5uxaa1v","chunk_label":"unnamed-chunk-6"},{"row":538,"row_count":1,"visible":true,"expansion_state":0,"options":{"engine":"r","label":"unnamed-chunk-66"},"document_id":"95008E2D","chunk_id":"cerxenlxb3gf2","chunk_label":"unnamed-chunk-7"},{"row":549,"row_count":1,"visible":true,"expansion_state":0,"options":{"engine":"r","label":"unnamed-chunk-67"},"document_id":"95008E2D","chunk_id":"c1tge4zl8omik","chunk_label":"unnamed-chunk-8"},{"row":562,"row_count":1,"visible":true,"expansion_state":0,"options":{"engine":"r","label":"unnamed-chunk-68"},"document_id":"95008E2D","chunk_id":"cb667nw6dijbq","chunk_label":"unnamed-chunk-9"}],"doc_write_time":1710109624,"working_dir":null,"default_chunk_options":{"echo":true}}