{"chunk_definitions":[{"row":8,"row_count":1,"visible":true,"expansion_state":0,"options":{"engine":"r","label":"setup","include":false},"document_id":"95008E2D","chunk_id":"csetup_chunk","chunk_label":"setup"},{"row":20,"row_count":1,"visible":true,"expansion_state":0,"options":{"engine":"r","label":"Librerías"},"document_id":"95008E2D","chunk_id":"c1e9nwcj5svnb","chunk_label":"Librerías"},{"row":26,"row_count":1,"visible":true,"expansion_state":0,"options":{"engine":"r","label":"Base"},"document_id":"95008E2D","chunk_id":"co27klxaemup1","chunk_label":"Base"},{"row":50,"row_count":1,"visible":true,"expansion_state":0,"options":{"engine":"r","label":"EDA: Renombrar"},"document_id":"95008E2D","chunk_id":"cs8hvoog63u2d","chunk_label":"EDA: Renombrar"},{"row":62,"row_count":1,"visible":true,"expansion_state":0,"options":{"engine":"r","label":"EDA: Ids"},"document_id":"95008E2D","chunk_id":"c3jdpzcxbo38b","chunk_label":"EDA: Ids"},{"row":85,"row_count":1,"visible":true,"expansion_state":0,"options":{"engine":"r","label":"EDA: Edad"},"document_id":"95008E2D","chunk_id":"ctxol3iv21dr0","chunk_label":"EDA: Edad"},{"row":90,"row_count":1,"visible":true,"expansion_state":0,"options":{"engine":"r","label":"EDA: Sexo"},"document_id":"95008E2D","chunk_id":"cy9crnkzg0lsx","chunk_label":"EDA: Sexo"},{"row":125,"row_count":1,"visible":true,"expansion_state":0,"options":{"engine":"r","label":"EDA: NED"},"document_id":"95008E2D","chunk_id":"ctbq8wskef3zz","chunk_label":"EDA: NED"},{"row":136,"row_count":1,"visible":true,"expansion_state":0,"options":{"engine":"r","label":"EDA: Aglomerado"},"document_id":"95008E2D","chunk_id":"cn3yp5tsrh95v","chunk_label":"EDA: Aglomerado"},{"row":149,"row_count":1,"visible":true,"expansion_state":0,"options":{"engine":"r","label":"EDA: Estado Civil"},"document_id":"95008E2D","chunk_id":"ciw0368j84i8m","chunk_label":"EDA: Estado Civil"},{"row":176,"row_count":1,"visible":true,"expansion_state":0,"options":{"engine":"r","label":"EDA: Relacion con jefe"},"document_id":"95008E2D","chunk_id":"cv4v0iwwdpspo","chunk_label":"EDA: Relacion con jefe"},{"row":198,"row_count":1,"visible":true,"expansion_state":0,"options":{"engine":"r","label":"EDA: Calificacion"},"document_id":"95008E2D","chunk_id":"cafpmmz2cvwm9","chunk_label":"EDA: Calificacion"},{"row":214,"row_count":1,"visible":true,"expansion_state":0,"options":{"engine":"r","label":"Multicolinealidad"},"document_id":"95008E2D","chunk_id":"counmz57hmvfj","chunk_label":"Multicolinealidad"},{"row":237,"row_count":1,"visible":true,"expansion_state":0,"options":{"engine":"r","label":"unnamed-chunk-107"},"document_id":"95008E2D","chunk_id":"cbkxgc03aoqg9","chunk_label":"unnamed-chunk-1"},{"row":322,"row_count":1,"visible":true,"expansion_state":0,"options":{"engine":"r","label":"unnamed-chunk-5"},"document_id":"95008E2D","chunk_id":"caqfc860uzqg7","chunk_label":"unnamed-chunk-2"},{"row":344,"row_count":1,"visible":true,"expansion_state":0,"options":{"engine":"r","label":"unnamed-chunk-13"},"document_id":"95008E2D","chunk_id":"cyk4dqsu0z1jc","chunk_label":"unnamed-chunk-3"}],"doc_write_time":1709441241,"working_dir":null,"default_chunk_options":{"echo":true}}