"0",""
"0","df <- df_raw %>% "
"0","  rename(id = CODUSU,"
"0","         id_hogar = NRO_HOGAR,"
"0","         aglomerado = AGLOMERADO,"
"0","         ned = NIVEL_ED,"
"0","         relacion_jefe = CH03,"
"0","         sexo = CH04,"
"0","         edad = CH06,"
"0","         estado_civil = CH07,"
"0","         sector_empleador = PP04A,"
"0","         cat_ocupacional = CAT_OCUP,"
"0","         int_ocupacional = INTENSI,"
"0","         horas_trabajadas = PP3E_TOT,"
"0","         rubro = CATEGORIA,"
"0","         calificacion = CALIFICACION,"
"0","         ingreso = P21)"
"0",""
"0","df <- df %>%"
"0","  mutate(ned = factor(ned,levels=c(""Superior universitaria completa"","
"0","                                   ""Superior universitaria incompleta"","
"0","                                   ""Secundaria completa"","
"0","                                   ""Secundaria incompleta"","
"0","                                   ""Primaria completa"","
"0","                                   ""Primaria incompleta (incluye educacion especial)"","
"0","                                   ""Sin instruccion"")),"
"0","         estado_civil = factor(estado_civil,levels=c(""viudo/a?"","
"0","                                                     ""separado/a o divorsiado/a?"","
"0","                                                     ""casado?"","
"0","                                                     ""unido?"","
"0","                                                     ""soltero/a?"")),"
"0","         int_ocupacional=factor(int_ocupacional,levels=c(""Sobreocupado"","
"0","                                                         ""Ocupado que no trabajo en la semana"","
"0","                                                         ""Ocupado pleno"","
"0","                                                         ""Subocupado por insuficiencia horaria"")),"
"0","         cat_ocupacional=factor(cat_ocupacional,levels=c(""Patron"","
"0","                                                         ""Cuenta propia"","
"0","                                                         ""Obrero o empleado"","
"0","                                                         ""Trabajador familiar sin remuneracion"")),"
"0","         calificacion=factor(calificacion,levels=c(""Profesionales"","
"0","                                                   ""Técnicos"","
"0","                                                   ""Operativos"","
"0","                                                   ""No calificados"","
"0","                                                   ""otro"","
"0","                                                   ""Ns.Nc"","
"0","                                                   ""falta informacion""))"
"0","         )"
"0",""
