"0",""
"0","set.seed(123)"
"0",""
"0","lm_test_val <- workflow() %>% "
"0","  add_recipe(lm_recetario$predictores_originales #%>%"
"0","    #step_poly(all_numeric_predictors(), degree = 1)"
"0","    ) %>% "
"0","  add_model(linear_reg()) %>% "
"0","  fit(df_train) %>% "
"0","  predict(df_test) %>% "
"0","  bind_cols(df_test,.)"
"2","Warning: There are new levels in a factor: NA"
"2","Warning: Column(s) have zero variance so scaling cannot be used: `relacion_jefe_Otro`. Consider using `step_zv()` to remove those columns before normalizing"
"2","Warning: There are new levels in a factor: NA"
