{"chunk_definitions":[{"row":8,"row_count":1,"visible":true,"expansion_state":0,"options":{"engine":"r","label":"setup","include":false},"document_id":"95008E2D","chunk_id":"csetup_chunk","chunk_label":"setup"},{"row":21,"row_count":1,"visible":true,"expansion_state":0,"options":{"engine":"r","label":"Librerías"},"document_id":"95008E2D","chunk_id":"c1e9nwcj5svnb","chunk_label":"Librerías"},{"row":27,"row_count":1,"visible":true,"expansion_state":0,"options":{"engine":"r","label":"Base"},"document_id":"95008E2D","chunk_id":"co27klxaemup1","chunk_label":"Base"},{"row":51,"row_count":1,"visible":true,"expansion_state":0,"options":{"engine":"r","label":"EDA: Renombrar"},"document_id":"95008E2D","chunk_id":"cs8hvoog63u2d","chunk_label":"EDA: Renombrar"},{"row":63,"row_count":1,"visible":true,"expansion_state":0,"options":{"engine":"r","label":"EDA: Ids"},"document_id":"95008E2D","chunk_id":"c3jdpzcxbo38b","chunk_label":"EDA: Ids"},{"row":86,"row_count":1,"visible":true,"expansion_state":0,"options":{"engine":"r","label":"EDA: Edad"},"document_id":"95008E2D","chunk_id":"ctxol3iv21dr0","chunk_label":"EDA: Edad"},{"row":91,"row_count":1,"visible":true,"expansion_state":0,"options":{"engine":"r","label":"EDA: Sexo"},"document_id":"95008E2D","chunk_id":"cy9crnkzg0lsx","chunk_label":"EDA: Sexo"},{"row":126,"row_count":1,"visible":true,"expansion_state":0,"options":{"engine":"r","label":"EDA: NED"},"document_id":"95008E2D","chunk_id":"ctbq8wskef3zz","chunk_label":"EDA: NED"},{"row":137,"row_count":1,"visible":true,"expansion_state":0,"options":{"engine":"r","label":"EDA: Aglomerado"},"document_id":"95008E2D","chunk_id":"cn3yp5tsrh95v","chunk_label":"EDA: Aglomerado"},{"row":150,"row_count":1,"visible":true,"expansion_state":0,"options":{"engine":"r","label":"EDA: Estado Civil"},"document_id":"95008E2D","chunk_id":"ciw0368j84i8m","chunk_label":"EDA: Estado Civil"},{"row":177,"row_count":1,"visible":true,"expansion_state":0,"options":{"engine":"r","label":"EDA: Relacion con jefe"},"document_id":"95008E2D","chunk_id":"cv4v0iwwdpspo","chunk_label":"EDA: Relacion con jefe"},{"row":199,"row_count":1,"visible":true,"expansion_state":0,"options":{"engine":"r","label":"EDA: Calificacion"},"document_id":"95008E2D","chunk_id":"cafpmmz2cvwm9","chunk_label":"EDA: Calificacion"},{"row":212,"row_count":1,"visible":true,"expansion_state":0,"options":{"engine":"r","label":"Multicolinealidad"},"document_id":"95008E2D","chunk_id":"counmz57hmvfj","chunk_label":"Multicolinealidad"},{"row":235,"row_count":1,"visible":true,"expansion_state":0,"options":{"engine":"r","label":"unnamed-chunk-54"},"document_id":"95008E2D","chunk_id":"cbkxgc03aoqg9","chunk_label":"unnamed-chunk-1"},{"row":277,"row_count":1,"visible":true,"expansion_state":0,"options":{"engine":"r","label":"unnamed-chunk-55"},"document_id":"95008E2D","chunk_id":"c3xev86ys7wzv","chunk_label":"unnamed-chunk-2"},{"row":291,"row_count":1,"visible":true,"expansion_state":0,"options":{"engine":"r","label":"unnamed-chunk-56"},"document_id":"95008E2D","chunk_id":"c3pvdf7y7r0b3","chunk_label":"unnamed-chunk-3"},{"row":325,"row_count":1,"visible":true,"expansion_state":0,"options":{"engine":"r","label":"Entreno LM"},"document_id":"95008E2D","chunk_id":"c1id42elc5uh5","chunk_label":"Entreno LM"},{"row":336,"row_count":1,"visible":true,"expansion_state":0,"options":{"engine":"r","label":"unnamed-chunk-57"},"document_id":"95008E2D","chunk_id":"c9nlyo3zxfl51","chunk_label":"unnamed-chunk-4"},{"row":341,"row_count":1,"visible":true,"expansion_state":0,"options":{"engine":"r","label":"unnamed-chunk-58"},"document_id":"95008E2D","chunk_id":"cfi3wo1do4793","chunk_label":"unnamed-chunk-5"},{"row":357,"row_count":1,"visible":true,"expansion_state":0,"options":{"engine":"r","label":"unnamed-chunk-59"},"document_id":"95008E2D","chunk_id":"cyk4dqsu0z1jc","chunk_label":"unnamed-chunk-6"},{"row":366,"row_count":1,"visible":true,"expansion_state":0,"options":{"engine":"r","label":"unnamed-chunk-60"},"document_id":"95008E2D","chunk_id":"ccqknfdbtsntm","chunk_label":"unnamed-chunk-7"},{"row":381,"row_count":1,"visible":true,"expansion_state":0,"options":{"engine":"r","label":"unnamed-chunk-61"},"document_id":"95008E2D","chunk_id":"chkm7ancos0xo","chunk_label":"unnamed-chunk-8"},{"row":386,"row_count":1,"visible":true,"expansion_state":0,"options":{"engine":"r","label":"unnamed-chunk-62"},"document_id":"95008E2D","chunk_id":"cdw3h7a52pbfy","chunk_label":"unnamed-chunk-9"},{"row":399,"row_count":1,"visible":true,"expansion_state":0,"options":{"engine":"r","label":"unnamed-chunk-63"},"document_id":"95008E2D","chunk_id":"cf9oeibcmt0bm","chunk_label":"unnamed-chunk-10"}],"doc_write_time":1710023573,"working_dir":null,"default_chunk_options":{"echo":true}}