"0","df <- df_raw %>% "
"0","  filter(grepl(""404 Client Error"",texto)==F) %>% "
"0","  mutate(original = texto,"
"0","         firma = str_extract(pattern=""(^[P|p]or ?(\\\n\\\n)?[A-ZÁÉÍÓÚ]\\S+ [A-ZÁÉÍÓÚ]\\S+(\\\n\\\n))|(^([A-ZÁÉÍÓÚ][a-záéíóú]+ ?(y )?){2,5}(\\\n\\\n))"",texto),"
"0","         texto = ifelse(is.na(firma)==F,str_remove(string=texto,firma),texto),"
"0","         firma = gsub(""\\\n\\\n"","""",sub(""^[P|p]or ?"","""",firma)),"
"0","         fecha_firma = str_extract(pattern=""[a-záéíóú]+ [0-9]{1,2} [a-z]+\\, [0-9]{2,4}\\\n\\\n"",texto),"
"0","         texto = ifelse(is.na(fecha_firma)==F,str_remove(string=texto,fecha_firma),texto),"
"0","         fecha_firma = sub(""\\,"","""",sub(""lunes|martes|mi[é|e]rcoles|jueves|viernes|s[á|a]bado|domingo"","""",sub(""\\\n\\\n$"","""",fecha_firma))),"
"0","         fecha_firma = as.Date(fecha_firma, ""%d %B %Y""),"
"0","         fecha = ymd(fecha),"
"0","         fecha = ifelse(is.na(fecha)==T & is.na(fecha_firma)==F,fecha_firma,fecha),"
"0","         texto = sub(""Cr[é|e]dito: \\@?([A-ZÁÉÍÓÚ]+\\S+ ?)+"","""",texto),"
"0","         texto = sub(""Fuente: \\@?([A-ZÁÉÍÓÚ]+\\S+ ?)+"","""",texto),"
"0","         texto = sub(""Comentar Me gusta Me gusta Compartir E-mail Twitter Facebook WhatsApp Guardar [0-9]+ de [a-z]+ de [0-9]+ .{1,3} [0-9]+\\:[0-9]+"","""",texto)) "
"0","  "
