"0",""
"0","rf_recipe <- recipe(ingreso ~ ., data = df_train %>% select(-variables_espurias1[1:5])) %>%  "
"0","  step_other(rubro, threshold = 0.01, id=""other"") %>% "
"0","  step_dummy(all_nominal_predictors()) %>% "
"0","  step_zv(all_predictors()) %>% "
"0","  step_normalize(all_numeric_predictors())"
"0",""
"0","rf_spec <- rand_forest("
"0","  trees = 100,"
"0","  mtry = tune(),"
"0","  min_n = tune()"
"0","  ) %>% "
"0","  set_engine(""ranger"", importance = ""impurity"") %>% "
"0","  set_mode(""regression"")"
"0",""
"0","rf_wf <- workflow() %>%"
"0","  add_recipe(rf_recipe) %>%"
"0","  add_model(rf_spec)"
"0",""
