"0",""
"0","table(df_coning$aglomerado)"
"1","
"
"1","            Bahia Blanca - Cerri "
"1","       Cdro. Rivadavia - R.Tilly "
"1","
"
"1","                             330 "
"1","                             367 "
"1","
"
"1","          Ciudad de Buenos Aires "
"1","                       Concordia "
"1","
"
"1","                             681 "
"1","                             407 "
"1","
"
"1","                      Corrientes "
"1","                         Formosa "
"1","
"
"1","                             512 "
"1","                             415 "
"1","
"
"1","                  Gran Catamarca "
"1","                    Gran Cordoba "
"1","
"
"1","                             556 "
"1","                             917 "
"1","
"
"1","                   Gran La Plata "
"1","                    Gran Mendoza "
"1","
"
"1","                             417 "
"1","                             795 "
"1","
"
"1","                     Gran Parana "
"1","                Gran Resistencia "
"1","
"
"1","                             262 "
"1","                             486 "
"1","
"
"1","                    Gran Rosario "
"1","                   Gran San Juan "
"1","
"
"1","                             576 "
"1","                             708 "
"1","
"
"1","                   Gran Santa Fe "
"1","         Gran Tucuman - T. Viejo "
"1","
"
"1","                             391 "
"1","                             844 "
"1","
"
"1","                 Jujuy - Palpala "
"1","                        La Rioja "
"1","
"
"1","                             749 "
"1","                             639 "
"1","
"
"1","           Mar del Plata - Batan "
"1","              Neuquen - Plottier "
"1","
"
"1","                             318 "
"1","                             333 "
"1","
"
"1","                Partidos del GBA "
"1","                         Posadas "
"1","
"
"1","                            1676 "
"1","                             490 "
"1","
"
"1","                 Rawson - Trelew "
"1","                      Rio Cuarto "
"1","
"
"1","                             456 "
"1","                             444 "
"1","
"
"1","                    Rio Gallegos "
"1","        S. del Estero - La Banda "
"1","
"
"1","                             275 "
"1","                             652 "
"1","
"
"1","                           Salta "
"1","         San Luis - El Chorrillo "
"1","
"
"1","                             930 "
"1","                             544 "
"1","
"
"1","San Nicolas - Villa Constitucion "
"1","               Santa Rosa - Toay "
"1","
"
"1","                             470 "
"1","                             312 "
"1","
"
"1","            Ushuaia - Rio Grande "
"1","   Viedma - Carmen de Patagones. "
"1","
"
"1","                             414 "
"1","                             434 "
"1","
"
"0","df_coning <- df_coning %>% "
"0","  mutate(region = case_when("
"0","    grepl(""Ciudad de Buenos Aires|Partidos del GBA"", aglomerado) == T ~ ""AMBA"","
"0","    grepl(""Bahia Blanca - Cerri|Gran La Plata"", aglomerado) == T ~ ""Resto Buenos Aires"","
"0","    #aglomerado == ""Bahia Blanca - Cerri"" ~ ""Bahía Blanca"","
"0","    aglomerado == ""Mar del Plata - Batan"" ~ ""Mar del Plata"","
"0","    #aglomerado == ""Gran La Plata"" ~ ""La Plata"","
"0","    grepl(""Gran Mendoza|Gran San Juan|San Luis - El Chorrillo"", aglomerado) == T ~ ""Cuyo"","
"0","    grepl(""Corrientes|Formosa|Gran Resistencia|Posadas"", aglomerado) == T ~ ""NEA"","
"0","    grepl(""Gran Catamarca|Jujuy - Palpala|Salta|Gran Tucuman - T. Viejo|La Rioja|S. del Estero - La Banda"", aglomerado) == T ~ ""NOA"","
"0","    grepl(""Gran Parana|Gran Rosario|Gran Santa Fe|Gran Cordoba|Concordia|Rio Cuarto|San Nicolas - Villa Constitucion"", aglomerado) == T ~ ""Centro"","
"0","    TRUE ~ ""Patagonia"""
"0","  )) "
"0",""
"0","### Hago las mismas transformaciones para el dataset de ingresos con valor ""-9"" para facilitar el análisis posterior."
"0",""
"0","df_sining <- df_sining %>% "
"0","  mutate(region = case_when("
"0","    grepl(""Ciudad de Buenos Aires|Partidos del GBA"", aglomerado) == T ~ ""AMBA"","
"0","    grepl(""Bahia Blanca - Cerri|Gran La Plata|Mar del Plata - Batan"", aglomerado) == T ~ ""Resto Buenos Aires"","
"0","    #aglomerado == ""Bahia Blanca - Cerri"" ~ ""Bahía Blanca"","
"0","    #aglomerado == ""Mar del Plata - Batan"" ~ ""Mar del Plata"","
"0","    #aglomerado == ""Gran La Plata"" ~ ""La Plata"","
"0","    grepl(""Gran Mendoza|Gran San Juan|San Luis - El Chorrillo"", aglomerado) == T ~ ""Cuyo"","
"0","    grepl(""Corrientes|Formosa|Gran Resistencia|Posadas"", aglomerado) == T ~ ""NEA"","
"0","    grepl(""Gran Catamarca|Jujuy - Palpala|Salta|Gran Tucuman - T. Viejo|La Rioja|S. del Estero - La Banda"", aglomerado) == T ~ ""NOA"","
"0","    grepl(""Gran Parana|Gran Rosario|Gran Santa Fe|Gran Cordoba|Concordia|Rio Cuarto|San Nicolas - Villa Constitucion"", aglomerado) == T ~ ""Centro"","
"0","    TRUE ~ ""Patagonia"""
"0","  )) "
"0",""
"0","linear_reg() %>% "
"0","  set_engine(""lm"") %>% "
"0","  fit(ingreso ~ region,"
"0","      data=df_coning) %>% "
"0","  tidy() %>% arrange(p.value)"
